Field1,Field2,Field3,Field4
https://uva.eu.qualtrics.com/ControlPanel/Graphic.php?IM=IM_7O1hRmX8g4iVVLr,https://uva.eu.qualtrics.com/ControlPanel/Graphic.php?IM=IM_KpCkTNYD54YLAwG,https://uva.eu.qualtrics.com/ControlPanel/Graphic.php?IM=IM_dJG9BrLvAbKqifI,https://uva.eu.qualtrics.com/ControlPanel/Graphic.php?IM=IM_jcLcm8OEt9NBRI2
https://uva.eu.qualtrics.com/ControlPanel/Graphic.php?IM=IM_DZrdNEkYaeu0OT5,https://uva.eu.qualtrics.com/ControlPanel/Graphic.php?IM=IM_aqK6pcmxmclyOiv,https://uva.eu.qualtrics.com/ControlPanel/Graphic.php?IM=IM_4x3eDJu7MCGNDKh,https://uva.eu.qualtrics.com/ControlPanel/Graphic.php?IM=IM_eLDAO1za8YKmSpk
https://uva.eu.qualtrics.com/ControlPanel/Graphic.php?IM=IM_zcgn7uf9dsxVpnx,https://uva.eu.qualtrics.com/ControlPanel/Graphic.php?IM=IM_dwCK0Jng34RmNsB,https://uva.eu.qualtrics.com/ControlPanel/Graphic.php?IM=IM_3fS9Y40uNatBVd3,https://uva.eu.qualtrics.com/ControlPanel/Graphic.php?IM=IM_gV94ooAU5prLkwM
https://uva.eu.qualtrics.com/ControlPanel/Graphic.php?IM=IM_AoxRDFVrL7L1vEu,https://uva.eu.qualtrics.com/ControlPanel/Graphic.php?IM=IM_U7ds15W6vYy0Q6m,https://uva.eu.qualtrics.com/ControlPanel/Graphic.php?IM=IM_0TuZaxDWXNws4Hu,https://uva.eu.qualtrics.com/ControlPanel/Graphic.php?IM=IM_azNPDXb1sHLwlao
https://uva.eu.qualtrics.com/ControlPanel/Graphic.php?IM=IM_KT6af0drNME5hmw,https://uva.eu.qualtrics.com/ControlPanel/Graphic.php?IM=IM_S4xLZvAR1gJI5pJ,https://uva.eu.qualtrics.com/ControlPanel/Graphic.php?IM=IM_0TuZaxDWXNws4Hu,https://uva.eu.qualtrics.com/ControlPanel/Graphic.php?IM=IM_LXpNemahgNRWABQ
https://uva.eu.qualtrics.com/ControlPanel/Graphic.php?IM=IM_uVXhfqpWHHLfbFc,https://uva.eu.qualtrics.com/ControlPanel/Graphic.php?IM=IM_K9WO6FHtIqwT8jS,https://uva.eu.qualtrics.com/ControlPanel/Graphic.php?IM=IM_hKmargmCW8O7kMx,https://uva.eu.qualtrics.com/ControlPanel/Graphic.php?IM=IM_LXpNemahgNRWABQ
https://uva.eu.qualtrics.com/ControlPanel/Graphic.php?IM=IM_NPRnikvUpwBCFJI,https://uva.eu.qualtrics.com/ControlPanel/Graphic.php?IM=IM_SPWlnNP0YE7LUxv,https://uva.eu.qualtrics.com/ControlPanel/Graphic.php?IM=IM_Hm1yZl8o5VblGe0,https://uva.eu.qualtrics.com/ControlPanel/Graphic.php?IM=IM_7E937mEmQU9bjMp
https://uva.eu.qualtrics.com/ControlPanel/Graphic.php?IM=IM_JWY40S6GeFVF8lK,https://uva.eu.qualtrics.com/ControlPanel/Graphic.php?IM=IM_a2p85HKN5ASGehh,https://uva.eu.qualtrics.com/ControlPanel/Graphic.php?IM=IM_a90ArW39q5zuLMu,https://uva.eu.qualtrics.com/ControlPanel/Graphic.php?IM=IM_uAlvAxrrxtUsAax
https://uva.eu.qualtrics.com/ControlPanel/Graphic.php?IM=IM_gQiVV4YoxpevZsR,https://uva.eu.qualtrics.com/ControlPanel/Graphic.php?IM=IM_68aJKEfOvoa9Sds,https://uva.eu.qualtrics.com/ControlPanel/Graphic.php?IM=IM_iHADq4ZyARFNvvs,https://uva.eu.qualtrics.com/ControlPanel/Graphic.php?IM=IM_9294TC14IviJd9d
https://uva.eu.qualtrics.com/ControlPanel/Graphic.php?IM=IM_WdMv72LJ07uliW7,https://uva.eu.qualtrics.com/ControlPanel/Graphic.php?IM=IM_68aJKEfOvoa9Sds,https://uva.eu.qualtrics.com/ControlPanel/Graphic.php?IM=IM_2BrxQ9dXdkIMYWG,https://uva.eu.qualtrics.com/ControlPanel/Graphic.php?IM=IM_nSCSSCRMctON7HM
https://uva.eu.qualtrics.com/ControlPanel/Graphic.php?IM=IM_aKWnCmgj2ieIEgx,https://uva.eu.qualtrics.com/ControlPanel/Graphic.php?IM=IM_UxBO5kJYnwCikwz,https://uva.eu.qualtrics.com/ControlPanel/Graphic.php?IM=IM_0q5cc14gapxLAY2,https://uva.eu.qualtrics.com/ControlPanel/Graphic.php?IM=IM_e6ZDjPPiLhcqF2G
https://uva.eu.qualtrics.com/ControlPanel/Graphic.php?IM=IM_aKWnCmgj2ieIEgx,https://uva.eu.qualtrics.com/ControlPanel/Graphic.php?IM=IM_UxBO5kJYnwCikwz,https://uva.eu.qualtrics.com/ControlPanel/Graphic.php?IM=IM_Rih8NvGKD0G7mPO,https://uva.eu.qualtrics.com/ControlPanel/Graphic.php?IM=IM_lbgLlV6NQ7cudLG
